Price (INR),Number of units,Price per unit (INR),Weight per piece (g),Brand Name,Rating (out of 5),Number of people rated,Link,Name
99,2,49.5,50,Spera,4.4,9526,https://amzn.to/3HqutTf,"Spera Pack Of 2 Jawline Exerciser Jaw, Face, and Neck Exerciser - Define Your Jawline, Slim and Tone Your Face, Look Younger and Healthier - Helps Reduce Stress and Craving- Free Jawline Rop Hanger For neck"
99,1,99,35,B-Bucket,3.4,83,https://amzn.to/41Na2cm,ETSAP Jawline exerciser for man and women Look Younger
199,1,199,20,Nirvaanaa,3.1,93,https://amzn.to/3RN7mGT,"Nirvaanaa Jawline Exerciser Tool For Unisex For Jawline Workout Double Chin, Face Workout For Face Fat Reducer Jawline Exercise"
84,1,84,136,MEETO,3,1,https://amzn.to/4aM9h7m,"MEETO Jawline Exerciser Tool Men & Women/Jawline, Face, and Neck Exerciser - Helps Reduce Stress and Cravings - Pack of 1"
199,1,199,180,QONETIC,5,18,https://amzn.to/3TJjVpz,"QONETIC 1 Pc Jawline Exerciser Jaw, Face, and Neck Exerciser Define Your Jawline, Slim and Tone Your Face, Look Younger and Healthier - Helps Reduce Stress and Craving"
95,1,95,100,DIL-SE,3.5,591,https://amzn.to/3TOhbXV,"DIL-SE - Jawline Exerciser Jaw, Face, Neck Exerciser-Define Your Jawline, Slim, Tone Your Face, Look Younger and Healthier - Helps Reduce Stress and Cravings"
99,1,99,199,MINNESOTA,3.4,563,https://amzn.to/3vhCw1A,"MINNESOTA Jawline Exerciser Jaw Face, and Neck Exerciser - Define Your Jawline, Slim and Tone Your Face, Look Younger and Healthier - Helps Reduce Stress and Craving Jawline Exerciser Tool Men & Women"
845,3,281.67,40,RUAAL,4.1,38,https://amzn.to/3NPcUQ1,"RUAAL Jaw exerciser sharp jawline results with 3 resistance levels triplets of 40, 50 and 60 LBS (3 pcs pack)"
99,1,99,99,SNISHET,4.5,50,https://amzn.to/3S5ML22,"SNISHET Jawline Exerciser: Define your jawline, slim and tone your face, look younger For both men and women Helps Reduce Stress and Craving Jawline Exerciser Tool Men"
99,2,49.5,50,Jawzrsize,3.9,968,https://amzn.to/48JW4KJ,"K.D ENTERPRISE Pack Of 2 Jawline Exerciser Jaw, Face, and Neck Exerciser - Define Your Jawline, Slim and Tone Your Face, Look Younger and Healthier - Helps Reduce Stress and Craving- Free Jawline Rop Hanger For neck"
379,1,379,40,Tekme,3.7,29,https://amzn.to/3S3w6fE,"tekme Jawline Exerciser Tool Men, Jaw Exerciser for Men & Women, Helps to Reduce Stress and Cravings, Slim and Tone Your Face"
799,1,799,70,FIT PICK,4.3,727,https://amzn.to/3TNP0bM,"FIT PICK Pro Jawline Exerciser Tool Men&Women,Tones Face,Jaw&Neck,Jaw Exerciser Help Defines Jawline,Jawline Exerciser Helps Reduce Craving Stress Jaw Liner Tools For Men&Women,Jawline Shaper"
95,1,95,199,SKICAPRO,3.4,63,https://amzn.to/47oZMbB,SKICAPRO jawline exerciser tool men jaw exerciser for men jaw line shaper jaw exerciser with ice roller for face ice face roller for women Combo(Multi Color) (Jawline)
99,1,99,120,ARDAKI,3.5,857,https://amzn.to/47pSzrs,"ARDAKI Jawline Tightening Exerciser Jaw, Face, and Neck - Define Your Jawline, Slim Tone Look Younger Healthier Helps Reduce Stress Craving- Free Rop Hanger For neck"
99,1,99,35,RIXTEC,3.7,481,https://amzn.to/3tEENDE,"RIXTEC Jawline Exerciser Jaw, Face, and Neck Exerciser - Define Your Jawline, Slim and Tone Your Face, Look Younger and Healthier - Helps Reduce Stress and Craving- Free Jawline Rop Hanger For neck"
89,1,89,50,MINNESOTA,3.3,139,https://amzn.to/3tFo574,"ShapUZ Jawline Exerciser for Men and Women Silicone Jaw Chin Cheek Shaping Tool for Younger Look and Face Toning, Random"